Year,SettlementPoint,HourlyVolatility
2016,HB_SOUTH,0.2090261556542678
2017,HB_WEST,0.24762755114220264
2018,HB_WEST,0.30251162890279315
2019,HB_PAN,0.6316345305022137
